UM_4_D335H524D496Y465Y384_output_3ANS_1.pdb.massaged.pdbA_0001_creation_102_refined_0001_creation_163_refined_0001.pdb, 2.07615, 5.47818, 6.15942, 11080.7
UM_4_D335H524D496Y465Y384_output_3ANS_1.pdb.massaged.pdbA_0001_creation_143_refined_0001_creation_1_refined_0001.pdb, 3.15068, 10.81, 7.9714, 23772.9
UM_4_D335H524D496Y465Y384_output_3ANS_1.pdb.massaged.pdbA_0001_creation_102_refined_0001_creation_118_refined_0001.pdb, 2.90762, 5.47818, 10.4989, 18984.5
UM_4_D335H524D496Y465Y384_output_3ANS_1.pdb.massaged.pdbA_0001_creation_141_refined_0001_creation_1_refined_0001.pdb, 1.45015, 3.32915, 3.89918, 4395.87
UM_4_D335H524D496Y465Y384_output_3ANS_1.pdb.massaged.pdbA_0001_creation_102_refined_0001_creation_67_refined_0001.pdb, 2.42047, 5.47818, 8.059, 23336.3
UM_4_D335H524D496Y465Y384_output_3ANS_1.pdb.massaged.pdbA_0001_creation_108_refined_0001_creation_6_refined_0001.pdb, 1.39911, 4.56036, 2.13816, 3337.16
UM_4_D335H524D496Y465Y384_output_3ANS_1.pdb.massaged.pdbA_0001_creation_119_refined_0001_creation_17_refined_0001.pdb, 1.92571, 6.53739, 4.10253, 4757.09
UM_4_D335H524D496Y465Y384_output_3ANS_1.pdb.massaged.pdbA_0001_creation_147_refined_0001_creation_2_refined_0001.pdb, 2.96552, 11.9153, 4.78053, 18348.8
UM_4_D335H524D496Y465Y384_output_3ANS_1.pdb.massaged.pdbA_0001_creation_102_refined_0001_creation_62_refined_0001.pdb, 2.0636, 5.47818, 6.08542, 8721.31
UM_4_D335H524D496Y465Y384_output_3ANS_1.pdb.massaged.pdbA_0001_creation_11_refined_0001_creation_3_refined_0001.pdb, 2.59846, 4.636, 9.36104, 13580.1
UM_4_D335H524D496Y465Y384_output_3ANS_1.pdb.massaged.pdbA_0001_creation_131_refined_0001_creation_5_refined_0001.pdb, 2.16709, 5.17021, 6.88498, 3496.54
UM_4_D335H524D496Y465Y384_output_3ANS_1.pdb.massaged.pdbA_0001_creation_127_refined_0001_creation_11_refined_0001.pdb, 2.74633, 5.06403, 9.8973, 15203.2
UM_4_D335H524D496Y465Y384_output_3ANS_1.pdb.massaged.pdbA_0001_creation_11_refined_0001_creation_42_refined_0001.pdb, 1.8811, 4.636, 5.61896, 8410.1
UM_4_D335H524D496Y465Y384_output_3ANS_1.pdb.massaged.pdbA_0001_creation_102_refined_0001_creation_82_refined_0001.pdb, 2.31156, 5.47818, 7.48045, 12075.8
UM_4_D335H524D496Y465Y384_output_3ANS_1.pdb.massaged.pdbA_0001_creation_102_refined_0001_creation_25_refined_0001.pdb, 2.95244, 5.47818, 10.7148, 30019.5
UM_4_D335H524D496Y465Y384_output_3ANS_1.pdb.massaged.pdbA_0001_creation_102_refined_0001_creation_160_refined_0001.pdb, 2.00106, 5.47818, 5.70947, 8585.21
UM_4_D335H524D496Y465Y384_output_3ANS_1.pdb.massaged.pdbA_0001_creation_140_refined_0001_creation_2_refined_0001.pdb, 1.91525, 2.50727, 6.81953, 3607.66
UM_4_D335H524D496Y465Y384_output_3ANS_1.pdb.massaged.pdbA_0001_creation_102_refined_0001_creation_14_refined_0001.pdb, 2.46799, 5.47818, 8.30664, 9763.95
UM_4_D335H524D496Y465Y384_output_3ANS_1.pdb.massaged.pdbA_0001_creation_102_refined_0001_creation_106_refined_0001.pdb, 1.69928, 5.47818, 3.62189, 8525.93
UM_4_D335H524D496Y465Y384_output_3ANS_1.pdb.massaged.pdbA_0001_creation_102_refined_0001_creation_24_refined_0001.pdb, 1.91711, 5.47818, 5.18263, 9058.66
UM_4_D335H524D496Y465Y384_output_3ANS_1.pdb.massaged.pdbA_0001_creation_119_refined_0001_creation_1_refined_0001.pdb, 2.07713, 6.53739, 5.23489, 3622.58
UM_4_D335H524D496Y465Y384_output_3ANS_1.pdb.massaged.pdbA_0001_creation_124_refined_0001_creation_1_refined_0001.pdb, 3.2052, 12.8926, 5.33392, 30835.1
UM_4_D335H524D496Y465Y384_output_3ANS_1.pdb.massaged.pdbA_0001_creation_126_refined_0001_creation_7_refined_0001.pdb, 1.81451, 3.17895, 6.06371, 3048.87
UM_4_D335H524D496Y465Y384_output_3ANS_1.pdb.massaged.pdbA_0001_creation_108_refined_0001_creation_4_refined_0001.pdb, 1.85835, 4.56036, 5.53787, 5132.27
UM_4_D335H524D496Y465Y384_output_3ANS_1.pdb.massaged.pdbA_0001_creation_120_refined_0001_creation_7_refined_0001.pdb, 2.47321, 8.84451, 5.41021, 7227.67
UM_4_D335H524D496Y465Y384_output_3ANS_1.pdb.massaged.pdbA_0001_creation_102_refined_0001_creation_58_refined_0001.pdb, 1.88853, 5.47818, 4.99623, 8812.95
UM_4_D335H524D496Y465Y384_output_3ANS_1.pdb.massaged.pdbA_0001_creation_151_refined_0001_creation_1_refined_0001.pdb, 2.66845, 10.3121, 4.83265, 16908.6
UM_4_D335H524D496Y465Y384_output_3ANS_1.pdb.massaged.pdbA_0001_creation_124_refined_0001_creation_2_refined_0001.pdb, 3.0569, 12.8926, 3.50014, 22308.1
UM_4_D335H524D496Y465Y384_output_3ANS_1.pdb.massaged.pdbA_0001_creation_11_refined_0001_creation_6_refined_0001.pdb, 1.60482, 4.636, 3.84342, 8474.19
UM_4_D335H524D496Y465Y384_output_3ANS_1.pdb.massaged.pdbA_0001_creation_119_refined_0001_creation_2_refined_0001.pdb, 1.94991, 6.53739, 4.2973, 4284.09
UM_4_D335H524D496Y465Y384_output_3ANS_1.pdb.massaged.pdbA_0001_creation_11_refined_0001_creation_29_refined_0001.pdb, 1.78147, 4.636, 5.02062, 8433.18
UM_4_D335H524D496Y465Y384_output_3ANS_1.pdb.massaged.pdbA_0001_creation_11_refined_0001_creation_10_refined_0001.pdb, 1.77116, 4.636, 4.95661, 8434.07
UM_4_D335H524D496Y465Y384_output_3ANS_1.pdb.massaged.pdbA_0001_creation_148_refined_0001_creation_11_refined_0001.pdb, 3.03185, 6.33553, 10.7078, 19571.3
UM_4_D335H524D496Y465Y384_output_3ANS_1.pdb.massaged.pdbA_0001_creation_11_refined_0001_creation_14_refined_0001.pdb, 1.57591, 4.636, 3.6287, 9437
UM_4_D335H524D496Y465Y384_output_3ANS_1.pdb.massaged.pdbA_0001_creation_102_refined_0001_creation_145_refined_0001.pdb, 2.1487, 5.47818, 6.5792, 11807.3
UM_4_D335H524D496Y465Y384_output_3ANS_1.pdb.massaged.pdbA_0001_creation_102_refined_0001_creation_151_refined_0001.pdb, 2.03203, 5.47818, 5.89717, 10682.3
UM_4_D335H524D496Y465Y384_output_3ANS_1.pdb.massaged.pdbA_0001_creation_144_refined_0001_creation_1_refined_0001.pdb, 1.89092, 6.46057, 3.91748, 10435.5
UM_4_D335H524D496Y465Y384_output_3ANS_1.pdb.massaged.pdbA_0001_creation_102_refined_0001_creation_174_refined_0001.pdb, 2.06472, 5.47818, 6.09203, 8678.53
UM_4_D335H524D496Y465Y384_output_3ANS_1.pdb.massaged.pdbA_0001_creation_102_refined_0001_creation_152_refined_0001.pdb, 2.47739, 5.47818, 8.35528, 14046.8
UM_4_D335H524D496Y465Y384_output_3ANS_1.pdb.massaged.pdbA_0001_creation_102_refined_0001_creation_80_refined_0001.pdb, 2.0025, 5.47818, 5.71828, 25394.1
UM_4_D335H524D496Y465Y384_output_3ANS_1.pdb.massaged.pdbA_0001_creation_140_refined_0001_creation_7_refined_0001.pdb, 1.60317, 2.50727, 5.22982, 3462.52
UM_4_D335H524D496Y465Y384_output_3ANS_1.pdb.massaged.pdbA_0001_creation_11_refined_0001_creation_25_refined_0001.pdb, 2.33503, 4.636, 8.05965, 19372.2
UM_4_D335H524D496Y465Y384_output_3ANS_1.pdb.massaged.pdbA_0001_creation_127_refined_0001_creation_13_refined_0001.pdb, 3.42768, 5.06403, 13.0897, 8914.71
UM_4_D335H524D496Y465Y384_output_3ANS_1.pdb.massaged.pdbA_0001_creation_12_refined_0001_creation_6_refined_0001.pdb, 2.04762, 2.70021, 7.40401, 6701.94
UM_4_D335H524D496Y465Y384_output_3ANS_1.pdb.massaged.pdbA_0001_creation_102_refined_0001_creation_56_refined_0001.pdb, 2.23811, 5.47818, 7.0801, 21893.7
UM_4_D335H524D496Y465Y384_output_3ANS_1.pdb.massaged.pdbA_0001_creation_130_refined_0001_creation_3_refined_0001.pdb, 1.37187, 4.23398, 2.37641, 3089.69
UM_4_D335H524D496Y465Y384_output_3ANS_1.pdb.massaged.pdbA_0001_creation_102_refined_0001_creation_127_refined_0001.pdb, 1.97218, 5.47818, 5.5314, 9118.53
UM_4_D335H524D496Y465Y384_output_3ANS_1.pdb.massaged.pdbA_0001_creation_102_refined_0001_creation_180_refined_0001.pdb, 2.74452, 5.47818, 9.70279, 12980.2
UM_4_D335H524D496Y465Y384_output_3ANS_1.pdb.massaged.pdbA_0001_creation_102_refined_0001_creation_11_refined_0001.pdb, 2.06399, 5.47818, 6.08772, 10693.9
UM_4_D335H524D496Y465Y384_output_3ANS_1.pdb.massaged.pdbA_0001_creation_102_refined_0001_creation_45_refined_0001.pdb, 1.93556, 5.47818, 5.30095, 9180.71
UM_4_D335H524D496Y465Y384_output_3ANS_1.pdb.massaged.pdbA_0001_creation_144_refined_0001_creation_4_refined_0001.pdb, 2.18506, 6.46057, 6.0217, 12108.5
UM_4_D335H524D496Y465Y384_output_3ANS_1.pdb.massaged.pdbA_0001_creation_119_refined_0001_creation_22_refined_0001.pdb, 1.92644, 6.53739, 4.1085, 3643.82
UM_4_D335H524D496Y465Y384_output_3ANS_1.pdb.massaged.pdbA_0001_creation_122_refined_0001_creation_2_refined_0001.pdb, 3.24711, 10.9149, 8.50909, 16973
UM_4_D335H524D496Y465Y384_output_3ANS_1.pdb.massaged.pdbA_0001_creation_102_refined_0001_creation_46_refined_0001.pdb, 2.14607, 5.47818, 6.56421, 10312.5
UM_4_D335H524D496Y465Y384_output_3ANS_1.pdb.massaged.pdbA_0001_creation_118_refined_0001_creation_1_refined_0001.pdb, 2.52978, 10.4321, 2.95048, 16028.1
UM_4_D335H524D496Y465Y384_output_3ANS_1.pdb.massaged.pdbA_0001_creation_11_refined_0001_creation_37_refined_0001.pdb, 2.63222, 4.636, 9.52415, 30992.6
UM_4_D335H524D496Y465Y384_output_3ANS_1.pdb.massaged.pdbA_0001_creation_127_refined_0001_creation_9_refined_0001.pdb, 3.37445, 5.06403, 12.8461, 26378.5
UM_4_D335H524D496Y465Y384_output_3ANS_1.pdb.massaged.pdbA_0001_creation_144_refined_0001_creation_2_refined_0001.pdb, 2.36323, 6.46057, 7.09911, 10733.8
UM_4_D335H524D496Y465Y384_output_3ANS_1.pdb.massaged.pdbA_0001_creation_102_refined_0001_creation_116_refined_0001.pdb, 2.72375, 5.47818, 9.60019, 40707.5
UM_4_D335H524D496Y465Y384_output_3ANS_1.pdb.massaged.pdbA_0001_creation_126_refined_0001_creation_11_refined_0001.pdb, 1.50822, 3.17895, 4.3606, 2898.8
UM_4_D335H524D496Y465Y384_output_3ANS_1.pdb.massaged.pdbA_0001_creation_102_refined_0001_creation_75_refined_0001.pdb, 1.95533, 5.47818, 5.42602, 12489.3
UM_4_D335H524D496Y465Y384_output_3ANS_1.pdb.massaged.pdbA_0001_creation_122_refined_0001_creation_3_refined_0001.pdb, 3.45647, 10.9149, 9.84311, 7985.76
UM_4_D335H524D496Y465Y384_output_3ANS_1.pdb.massaged.pdbA_0001_creation_121_refined_0001_creation_4_refined_0001.pdb, 2.68199, 9.99347, 5.47806, 13115.7
UM_4_D335H524D496Y465Y384_output_3ANS_1.pdb.massaged.pdbA_0001_creation_140_refined_0001_creation_3_refined_0001.pdb, 2.10543, 2.50727, 7.73591, 21971.4
UM_4_D335H524D496Y465Y384_output_3ANS_1.pdb.massaged.pdbA_0001_creation_155_refined_0001_creation_3_refined_0001.pdb, 2.45792, 7.277, 7.00105, 16825.2
UM_4_D335H524D496Y465Y384_output_3ANS_1.pdb.massaged.pdbA_0001_creation_140_refined_0001_creation_4_refined_0001.pdb, 1.41742, 2.50727, 4.19088, 3482.43
UM_4_D335H524D496Y465Y384_output_3ANS_1.pdb.massaged.pdbA_0001_creation_119_refined_0001_creation_23_refined_0001.pdb, 1.973, 6.53739, 4.47738, 3646.26
UM_4_D335H524D496Y465Y384_output_3ANS_1.pdb.massaged.pdbA_0001_creation_113_refined_0001_creation_7_refined_0001.pdb, 3.46853, 14.1505, 5.54614, 15822.6
UM_4_D335H524D496Y465Y384_output_3ANS_1.pdb.massaged.pdbA_0001_creation_147_refined_0001_creation_6_refined_0001.pdb, 3.03295, 11.9153, 5.469, 18378.1
UM_4_D335H524D496Y465Y384_output_3ANS_1.pdb.massaged.pdbA_0001_creation_134_refined_0001_creation_3_refined_0001.pdb, 2.30093, 9.04879, 3.44622, 18972.6
UM_4_D335H524D496Y465Y384_output_3ANS_1.pdb.massaged.pdbA_0001_creation_11_refined_0001_creation_18_refined_0001.pdb, 1.59541, 4.636, 3.77448, 8455.66
UM_4_D335H524D496Y465Y384_output_3ANS_1.pdb.massaged.pdbA_0001_creation_102_refined_0001_creation_132_refined_0001.pdb, 2.1643, 5.47818, 6.66777, 8458.01
UM_4_D335H524D496Y465Y384_output_3ANS_1.pdb.massaged.pdbA_0001_creation_102_refined_0001_creation_54_refined_0001.pdb, 2.33816, 5.47818, 7.62329, 12165
UM_4_D335H524D496Y465Y384_output_3ANS_1.pdb.massaged.pdbA_0001_creation_102_refined_0001_creation_190_refined_0001.pdb, 2.02041, 5.47818, 5.82713, 8453.07
UM_4_D335H524D496Y465Y384_output_3ANS_1.pdb.massaged.pdbA_0001_creation_102_refined_0001_creation_167_refined_0001.pdb, 2.16692, 5.47818, 6.6826, 8512.9
UM_4_D335H524D496Y465Y384_output_3ANS_1.pdb.massaged.pdbA_0001_creation_119_refined_0001_creation_34_refined_0001.pdb, 2.4555, 6.53739, 7.57108, 20473.1
UM_4_D335H524D496Y465Y384_output_3ANS_1.pdb.massaged.pdbA_0001_creation_102_refined_0001_creation_94_refined_0001.pdb, 2.11285, 5.47818, 6.37344, 12732.9
UM_4_D335H524D496Y465Y384_output_3ANS_1.pdb.massaged.pdbA_0001_creation_129_refined_0001_creation_3_refined_0001.pdb, 1.83119, 4.48405, 5.43094, 3795.86
UM_4_D335H524D496Y465Y384_output_3ANS_1.pdb.massaged.pdbA_0001_creation_119_refined_0001_creation_4_refined_0001.pdb, 2.25738, 6.53739, 6.40572, 4897.7
UM_4_D335H524D496Y465Y384_output_3ANS_1.pdb.massaged.pdbA_0001_creation_134_refined_0001_creation_8_refined_0001.pdb, 2.24207, 9.04879, 2.68559, 18950.4
UM_4_D335H524D496Y465Y384_output_3ANS_1.pdb.massaged.pdbA_0001_creation_102_refined_0001_creation_113_refined_0001.pdb, 1.79031, 5.47818, 4.31961, 8723.78
UM_4_D335H524D496Y465Y384_output_3ANS_1.pdb.massaged.pdbA_0001_creation_122_refined_0001_creation_5_refined_0001.pdb, 2.69506, 10.9149, 3.89619, 7825.81
UM_4_D335H524D496Y465Y384_output_3ANS_1.pdb.massaged.pdbA_0001_creation_102_refined_0001_creation_83_refined_0001.pdb, 1.99498, 5.47818, 5.67225, 8651.61
UM_4_D335H524D496Y465Y384_output_3ANS_1.pdb.massaged.pdbA_0001_creation_119_refined_0001_creation_19_refined_0001.pdb, 1.99454, 6.53739, 4.6409, 3715.8
UM_4_D335H524D496Y465Y384_output_3ANS_1.pdb.massaged.pdbA_0001_creation_11_refined_0001_creation_31_refined_0001.pdb, 1.66902, 4.636, 4.294, 15396.2
UM_4_D335H524D496Y465Y384_output_3ANS_1.pdb.massaged.pdbA_0001_creation_136_refined_0001_creation_6_refined_0001.pdb, 2.1823, 3.80174, 7.6674, 17422
UM_4_D335H524D496Y465Y384_output_3ANS_1.pdb.massaged.pdbA_0001_creation_102_refined_0001_creation_149_refined_0001.pdb, 2.2349, 5.47818, 7.06237, 8468.19
UM_4_D335H524D496Y465Y384_output_3ANS_1.pdb.massaged.pdbA_0001_creation_147_refined_0001_creation_7_refined_0001.pdb, 3.1552, 11.9153, 6.56552, 18460.7
UM_4_D335H524D496Y465Y384_output_3ANS_1.pdb.massaged.pdbA_0001_creation_102_refined_0001_creation_108_refined_0001.pdb, 2.72622, 5.47818, 9.61241, 33615.9
UM_4_D335H524D496Y465Y384_output_3ANS_1.pdb.massaged.pdbA_0001_creation_102_refined_0001_creation_147_refined_0001.pdb, 1.8313, 5.47818, 4.60967, 8450.48
UM_4_D335H524D496Y465Y384_output_3ANS_1.pdb.massaged.pdbA_0001_creation_102_refined_0001_creation_107_refined_0001.pdb, 2.48525, 5.47818, 8.39593, 19308.4
UM_4_D335H524D496Y465Y384_output_3ANS_1.pdb.massaged.pdbA_0001_creation_11_refined_0001_creation_38_refined_0001.pdb, 1.65713, 4.636, 4.21287, 8561.31
UM_4_D335H524D496Y465Y384_output_3ANS_1.pdb.massaged.pdbA_0001_creation_102_refined_0001_creation_78_refined_0001.pdb, 1.85834, 5.47818, 4.79472, 8615.76
UM_4_D335H524D496Y465Y384_output_3ANS_1.pdb.massaged.pdbA_0001_creation_119_refined_0001_creation_31_refined_0001.pdb, 3.75175, 6.53739, 14.0599, 12776.5
UM_4_D335H524D496Y465Y384_output_3ANS_1.pdb.massaged.pdbA_0001_creation_134_refined_0001_creation_1_refined_0001.pdb, 2.66745, 9.04879, 6.6063, 18979.1
UM_4_D335H524D496Y465Y384_output_3ANS_1.pdb.massaged.pdbA_0001_creation_119_refined_0001_creation_16_refined_0001.pdb, 2.15363, 6.53739, 5.74889, 5028.1
UM_4_D335H524D496Y465Y384_output_3ANS_1.pdb.massaged.pdbA_0001_creation_102_refined_0001_creation_16_refined_0001.pdb, 1.81848, 5.47818, 4.52027, 8719.08
UM_4_D335H524D496Y465Y384_output_3ANS_1.pdb.massaged.pdbA_0001_creation_102_refined_0001_creation_84_refined_0001.pdb, 2.30482, 5.47818, 7.44408, 8588.75
UM_4_D335H524D496Y465Y384_output_3ANS_1.pdb.massaged.pdbA_0001_creation_130_refined_0001_creation_2_refined_0001.pdb, 2.55505, 4.23398, 9.31121, 10966.5
UM_4_D335H524D496Y465Y384_output_3ANS_1.pdb.massaged.pdbA_0001_creation_102_refined_0001_creation_23_refined_0001.pdb, 2.20535, 5.47818, 6.89846, 12212.5
UM_4_D335H524D496Y465Y384_output_3ANS_1.pdb.massaged.pdbA_0001_creation_122_refined_0001_creation_1_refined_0001.pdb, 2.92931, 10.9149, 6.17763, 20964.3
UM_4_D335H524D496Y465Y384_output_3ANS_1.pdb.massaged.pdbA_0001_creation_102_refined_0001_creation_19_refined_0001.pdb, 2.20765, 5.47818, 6.91125, 11164.1
UM_4_D335H524D496Y465Y384_output_3ANS_1.pdb.massaged.pdbA_0001_creation_102_refined_0001_creation_93_refined_0001.pdb, 2.1642, 5.47818, 6.66724, 8545.78
UM_4_D335H524D496Y465Y384_output_3ANS_1.pdb.massaged.pdbA_0001_creation_134_refined_0001_creation_2_refined_0001.pdb, 2.22832, 9.04879, 2.47781, 19019.7
UM_4_D335H524D496Y465Y384_output_3ANS_1.pdb.massaged.pdbA_0001_creation_119_refined_0001_creation_41_refined_0001.pdb, 2.74787, 6.53739, 9.15747, 10282.1
UM_4_D335H524D496Y465Y384_output_3ANS_1.pdb.massaged.pdbA_0001_creation_102_refined_0001_creation_159_refined_0001.pdb, 1.9515, 5.47818, 5.40193, 20896.5
UM_4_D335H524D496Y465Y384_output_3ANS_1.pdb.massaged.pdbA_0001_creation_119_refined_0001_creation_8_refined_0001.pdb, 2.62103, 6.53739, 8.48409, 18491.8
UM_4_D335H524D496Y465Y384_output_3ANS_1.pdb.massaged.pdbA_0001_creation_102_refined_0001_creation_136_refined_0001.pdb, 1.92278, 5.47818, 5.21915, 8417.79
UM_4_D335H524D496Y465Y384_output_3ANS_1.pdb.massaged.pdbA_0001_creation_102_refined_0001_creation_186_refined_0001.pdb, 2.06764, 5.47818, 6.10931, 11171.6
UM_4_D335H524D496Y465Y384_output_3ANS_1.pdb.massaged.pdbA_0001_creation_113_refined_0001_creation_11_refined_0001.pdb, 4.03547, 14.1505, 10.2456, 24048.3
UM_4_D335H524D496Y465Y384_output_3ANS_1.pdb.massaged.pdbA_0001_creation_140_refined_0001_creation_8_refined_0001.pdb, 1.34801, 2.50727, 3.77032, 3416.69
UM_4_D335H524D496Y465Y384_output_3ANS_1.pdb.massaged.pdbA_0001_creation_11_refined_0001_creation_23_refined_0001.pdb, 2.51769, 4.636, 8.96777, 27806.7
UM_4_D335H524D496Y465Y384_output_3ANS_1.pdb.massaged.pdbA_0001_creation_102_refined_0001_creation_153_refined_0001.pdb, 1.98153, 5.47818, 5.58939, 10161.3
UM_4_D335H524D496Y465Y384_output_3ANS_1.pdb.massaged.pdbA_0001_creation_119_refined_0001_creation_38_refined_0001.pdb, 2.13732, 6.53739, 5.64169, 15540.6
UM_4_D335H524D496Y465Y384_output_3ANS_1.pdb.massaged.pdbA_0001_creation_121_refined_0001_creation_1_refined_0001.pdb, 3.21867, 9.99347, 9.23319, 20739.5
UM_4_D335H524D496Y465Y384_output_3ANS_1.pdb.massaged.pdbA_0001_creation_102_refined_0001_creation_72_refined_0001.pdb, 2.14962, 5.47818, 6.58443, 19450.5
UM_4_D335H524D496Y465Y384_output_3ANS_1.pdb.massaged.pdbA_0001_creation_11_refined_0001_creation_39_refined_0001.pdb, 1.78957, 4.636, 5.07062, 8275.86
UM_4_D335H524D496Y465Y384_output_3ANS_1.pdb.massaged.pdbA_0001_creation_127_refined_0001_creation_12_refined_0001.pdb, 2.19342, 5.06403, 7.09307, 36133.9
UM_4_D335H524D496Y465Y384_output_3ANS_1.pdb.massaged.pdbA_0001_creation_131_refined_0001_creation_11_refined_0001.pdb, 1.83946, 5.17021, 4.95019, 3073.4
UM_4_D335H524D496Y465Y384_output_3ANS_1.pdb.massaged.pdbA_0001_creation_119_refined_0001_creation_18_refined_0001.pdb, 2.11811, 6.53739, 5.51392, 3694.44
UM_4_D335H524D496Y465Y384_output_3ANS_1.pdb.massaged.pdbA_0001_creation_102_refined_0001_creation_81_refined_0001.pdb, 1.91087, 5.47818, 5.14233, 11950.9
UM_4_D335H524D496Y465Y384_output_3ANS_1.pdb.massaged.pdbA_0001_creation_12_refined_0001_creation_8_refined_0001.pdb, 1.46891, 2.70021, 4.39532, 2851.44
UM_4_D335H524D496Y465Y384_output_3ANS_1.pdb.massaged.pdbA_0001_creation_131_refined_0001_creation_2_refined_0001.pdb, 2.83396, 5.17021, 10.2753, 17783
UM_4_D335H524D496Y465Y384_output_3ANS_1.pdb.massaged.pdbA_0001_creation_102_refined_0001_creation_148_refined_0001.pdb, 2.77708, 5.47818, 9.86312, 25130.9
UM_4_D335H524D496Y465Y384_output_3ANS_1.pdb.massaged.pdbA_0001_creation_11_refined_0001_creation_35_refined_0001.pdb, 2.13332, 4.636, 7.01676, 13570.8
UM_4_D335H524D496Y465Y384_output_3ANS_1.pdb.massaged.pdbA_0001_creation_12_refined_0001_creation_1_refined_0001.pdb, 1.70245, 2.70021, 5.67795, 2726.72
UM_4_D335H524D496Y465Y384_output_3ANS_1.pdb.massaged.pdbA_0001_creation_102_refined_0001_creation_27_refined_0001.pdb, 1.9364, 5.47818, 5.30628, 8896.79
UM_4_D335H524D496Y465Y384_output_3ANS_1.pdb.massaged.pdbA_0001_creation_11_refined_0001_creation_7_refined_0001.pdb, 2.25088, 4.636, 7.63062, 9624.92
UM_4_D335H524D496Y465Y384_output_3ANS_1.pdb.massaged.pdbA_0001_creation_144_refined_0001_creation_7_refined_0001.pdb, 1.90552, 6.46057, 4.03901, 10429.2
UM_4_D335H524D496Y465Y384_output_3ANS_1.pdb.massaged.pdbA_0001_creation_119_refined_0001_creation_26_refined_0001.pdb, 2.03558, 6.53739, 4.94198, 3641.08
UM_4_D335H524D496Y465Y384_output_3ANS_1.pdb.massaged.pdbA_0001_creation_102_refined_0001_creation_76_refined_0001.pdb, 1.87179, 5.47818, 4.88514, 8727.02
UM_4_D335H524D496Y465Y384_output_3ANS_1.pdb.massaged.pdbA_0001_creation_102_refined_0001_creation_110_refined_0001.pdb, 1.76831, 5.47818, 4.15857, 9259.66
UM_4_D335H524D496Y465Y384_output_3ANS_1.pdb.massaged.pdbA_0001_creation_119_refined_0001_creation_13_refined_0001.pdb, 1.93123, 6.53739, 4.14751, 3861.88
UM_4_D335H524D496Y465Y384_output_3ANS_1.pdb.massaged.pdbA_0001_creation_12_refined_0001_creation_4_refined_0001.pdb, 1.24162, 2.70021, 2.92778, 2844.19
UM_4_D335H524D496Y465Y384_output_3ANS_1.pdb.massaged.pdbA_0001_creation_102_refined_0001_creation_137_refined_0001.pdb, 1.9836, 5.47818, 5.60216, 8494.31
UM_4_D335H524D496Y465Y384_output_3ANS_1.pdb.massaged.pdbA_0001_creation_102_refined_0001_creation_77_refined_0001.pdb, 1.89396, 5.47818, 5.03198, 8614.32
UM_4_D335H524D496Y465Y384_output_3ANS_1.pdb.massaged.pdbA_0001_creation_127_refined_0001_creation_1_refined_0001.pdb, 1.77133, 5.06403, 4.59551, 3668.03
UM_4_D335H524D496Y465Y384_output_3ANS_1.pdb.massaged.pdbA_0001_creation_119_refined_0001_creation_25_refined_0001.pdb, 2.51254, 6.53739, 7.89078, 22621
UM_4_D335H524D496Y465Y384_output_3ANS_1.pdb.massaged.pdbA_0001_creation_148_refined_0001_creation_16_refined_0001.pdb, 2.05854, 6.33553, 5.31299, 3112.32
UM_4_D335H524D496Y465Y384_output_3ANS_1.pdb.massaged.pdbA_0001_creation_102_refined_0001_creation_162_refined_0001.pdb, 1.87883, 5.47818, 4.93202, 8522.73
UM_4_D335H524D496Y465Y384_output_3ANS_1.pdb.massaged.pdbA_0001_creation_119_refined_0001_creation_33_refined_0001.pdb, 2.34294, 6.53739, 6.92096, 19969.9
UM_4_D335H524D496Y465Y384_output_3ANS_1.pdb.massaged.pdbA_0001_creation_12_refined_0001_creation_9_refined_0001.pdb, 1.30829, 2.70021, 3.39669, 2710.19
UM_4_D335H524D496Y465Y384_output_3ANS_1.pdb.massaged.pdbA_0001_creation_102_refined_0001_creation_193_refined_0001.pdb, 1.77948, 5.47818, 4.24083, 8529.35
UM_4_D335H524D496Y465Y384_output_3ANS_1.pdb.massaged.pdbA_0001_creation_102_refined_0001_creation_44_refined_0001.pdb, 2.51961, 5.47818, 8.57268, 18376.7
UM_4_D335H524D496Y465Y384_output_3ANS_1.pdb.massaged.pdbA_0001_creation_126_refined_0001_creation_8_refined_0001.pdb, 1.65253, 3.17895, 5.19344, 2971.12
UM_4_D335H524D496Y465Y384_output_3ANS_1.pdb.massaged.pdbA_0001_creation_11_refined_0001_creation_12_refined_0001.pdb, 1.80531, 4.636, 5.16707, 8463.52
UM_4_D335H524D496Y465Y384_output_3ANS_1.pdb.massaged.pdbA_0001_creation_148_refined_0001_creation_2_refined_0001.pdb, 1.85533, 6.33553, 3.78865, 3164.23
UM_4_D335H524D496Y465Y384_output_3ANS_1.pdb.massaged.pdbA_0001_creation_102_refined_0001_creation_2_refined_0001.pdb, 1.90291, 5.47818, 5.09053, 25560.8
UM_4_D335H524D496Y465Y384_output_3ANS_1.pdb.massaged.pdbA_0001_creation_126_refined_0001_creation_6_refined_0001.pdb, 1.41329, 3.17895, 3.76519, 2928.07
UM_4_D335H524D496Y465Y384_output_3ANS_1.pdb.massaged.pdbA_0001_creation_102_refined_0001_creation_21_refined_0001.pdb, 1.91031, 5.47818, 5.1387, 8488.06
UM_4_D335H524D496Y465Y384_output_3ANS_1.pdb.massaged.pdbA_0001_creation_119_refined_0001_creation_42_refined_0001.pdb, 1.91688, 6.53739, 4.02975, 3608.81
UM_4_D335H524D496Y465Y384_output_3ANS_1.pdb.massaged.pdbA_0001_creation_102_refined_0001_creation_101_refined_0001.pdb, 2.34923, 5.47818, 7.68242, 23245.3
UM_4_D335H524D496Y465Y384_output_3ANS_1.pdb.massaged.pdbA_0001_creation_102_refined_0001_creation_161_refined_0001.pdb, 2.21394, 5.47818, 6.94627, 8588.04
UM_4_D335H524D496Y465Y384_output_3ANS_1.pdb.massaged.pdbA_0001_creation_102_refined_0001_creation_192_refined_0001.pdb, 1.98195, 5.47818, 5.59196, 8923.07
UM_4_D335H524D496Y465Y384_output_3ANS_1.pdb.massaged.pdbA_0001_creation_102_refined_0001_creation_71_refined_0001.pdb, 2.33448, 5.47818, 7.60362, 11753.2
UM_4_D335H524D496Y465Y384_output_3ANS_1.pdb.massaged.pdbA_0001_creation_127_refined_0001_creation_14_refined_0001.pdb, 1.75052, 5.06403, 4.45421, 3654.06
UM_4_D335H524D496Y465Y384_output_3ANS_1.pdb.massaged.pdbA_0001_creation_102_refined_0001_creation_96_refined_0001.pdb, 1.91483, 5.47818, 5.16793, 8743.08
UM_4_D335H524D496Y465Y384_output_3ANS_1.pdb.massaged.pdbA_0001_creation_102_refined_0001_creation_70_refined_0001.pdb, 2.63552, 5.47818, 9.16051, 24374.4
UM_4_D335H524D496Y465Y384_output_3ANS_1.pdb.massaged.pdbA_0001_creation_102_refined_0001_creation_157_refined_0001.pdb, 3.21728, 5.47818, 11.9713, 37693.5
UM_4_D335H524D496Y465Y384_output_3ANS_1.pdb.massaged.pdbA_0001_creation_102_refined_0001_creation_129_refined_0001.pdb, 2.03416, 5.47818, 5.91, 10194
UM_4_D335H524D496Y465Y384_output_3ANS_1.pdb.massaged.pdbA_0001_creation_102_refined_0001_creation_154_refined_0001.pdb, 1.98367, 5.47818, 5.6026, 9025.4
UM_4_D335H524D496Y465Y384_output_3ANS_1.pdb.massaged.pdbA_0001_creation_150_refined_0001_creation_2_refined_0001.pdb, 1.8432, 6.34835, 3.66547, 6915.04
UM_4_D335H524D496Y465Y384_output_3ANS_1.pdb.massaged.pdbA_0001_creation_11_refined_0001_creation_21_refined_0001.pdb, 1.64778, 4.636, 4.14841, 8606.3
UM_4_D335H524D496Y465Y384_output_3ANS_1.pdb.massaged.pdbA_0001_creation_102_refined_0001_creation_29_refined_0001.pdb, 3.1207, 5.47818, 11.5167, 24876.9
UM_4_D335H524D496Y465Y384_output_3ANS_1.pdb.massaged.pdbA_0001_creation_102_refined_0001_creation_30_refined_0001.pdb, 2.27365, 5.47818, 7.27496, 30856
UM_4_D335H524D496Y465Y384_output_3ANS_1.pdb.massaged.pdbA_0001_creation_108_refined_0001_creation_5_refined_0001.pdb, 1.63631, 4.56036, 4.13907, 9607.3
UM_4_D335H524D496Y465Y384_output_3ANS_1.pdb.massaged.pdbA_0001_creation_102_refined_0001_creation_36_refined_0001.pdb, 2.32034, 5.47818, 7.52775, 26911.3
UM_4_D335H524D496Y465Y384_output_3ANS_1.pdb.massaged.pdbA_0001_creation_110_refined_0001_creation_3_refined_0001.pdb, 3.19995, 13.4017, 4.08774, 11468.2
UM_4_D335H524D496Y465Y384_output_3ANS_1.pdb.massaged.pdbA_0001_creation_102_refined_0001_creation_120_refined_0001.pdb, 2.76016, 5.47818, 9.77988, 29637
UM_4_D335H524D496Y465Y384_output_3ANS_1.pdb.massaged.pdbA_0001_creation_102_refined_0001_creation_155_refined_0001.pdb, 2.97956, 5.47818, 10.845, 23718.7
UM_4_D335H524D496Y465Y384_output_3ANS_1.pdb.massaged.pdbA_0001_creation_153_refined_0001_creation_3_refined_0001.pdb, 2.22863, 8.38114, 3.98265, 13966.4
UM_4_D335H524D496Y465Y384_output_3ANS_1.pdb.massaged.pdbA_0001_creation_102_refined_0001_creation_7_refined_0001.pdb, 1.91666, 5.47818, 5.17976, 8693.77
UM_4_D335H524D496Y465Y384_output_3ANS_1.pdb.massaged.pdbA_0001_creation_102_refined_0001_creation_40_refined_0001.pdb, 2.11825, 5.47818, 6.4046, 9051.93
UM_4_D335H524D496Y465Y384_output_3ANS_1.pdb.massaged.pdbA_0001_creation_131_refined_0001_creation_9_refined_0001.pdb, 1.99662, 5.17021, 5.91787, 15107.2
UM_4_D335H524D496Y465Y384_output_3ANS_1.pdb.massaged.pdbA_0001_creation_102_refined_0001_creation_6_refined_0001.pdb, 2.67494, 5.47818, 9.35771, 19550.9
UM_4_D335H524D496Y465Y384_output_3ANS_1.pdb.massaged.pdbA_0001_creation_104_refined_0001_creation_1_refined_0001.pdb, 1.79083, 3.84672, 5.60086, 4100.11
UM_4_D335H524D496Y465Y384_output_3ANS_1.pdb.massaged.pdbA_0001_creation_11_refined_0001_creation_16_refined_0001.pdb, 1.59638, 4.636, 3.78163, 8416.86
UM_4_D335H524D496Y465Y384_output_3ANS_1.pdb.massaged.pdbA_0001_creation_11_refined_0001_creation_19_refined_0001.pdb, 1.86482, 4.636, 5.52348, 8698.81
UM_4_D335H524D496Y465Y384_output_3ANS_1.pdb.massaged.pdbA_0001_creation_102_refined_0001_creation_41_refined_0001.pdb, 2.09849, 5.47818, 6.29014, 8424.15
UM_4_D335H524D496Y465Y384_output_3ANS_1.pdb.massaged.pdbA_0001_creation_12_refined_0001_creation_2_refined_0001.pdb, 2.41948, 2.70021, 9.15405, 6000.8
UM_4_D335H524D496Y465Y384_output_3ANS_1.pdb.massaged.pdbA_0001_creation_119_refined_0001_creation_3_refined_0001.pdb, 2.01607, 6.53739, 4.80044, 5863.15
UM_4_D335H524D496Y465Y384_output_3ANS_1.pdb.massaged.pdbA_0001_creation_102_refined_0001_creation_8_refined_0001.pdb, 3.69223, 5.47818, 14.1619, 45691.5
UM_4_D335H524D496Y465Y384_output_3ANS_1.pdb.massaged.pdbA_0001_creation_102_refined_0001_creation_9_refined_0001.pdb, 1.87424, 5.47818, 4.90152, 37092.7
UM_4_D335H524D496Y465Y384_output_3ANS_1.pdb.massaged.pdbA_0001_creation_102_refined_0001_creation_138_refined_0001.pdb, 2.40516, 5.47818, 7.97865, 13826.9
UM_4_D335H524D496Y465Y384_output_3ANS_1.pdb.massaged.pdbA_0001_creation_148_refined_0001_creation_14_refined_0001.pdb, 1.97185, 6.33553, 4.7046, 3171.05
UM_4_D335H524D496Y465Y384_output_3ANS_1.pdb.massaged.pdbA_0001_creation_102_refined_0001_creation_49_refined_0001.pdb, 2.25667, 5.47818, 7.18214, 8857.72
UM_4_D335H524D496Y465Y384_output_3ANS_1.pdb.massaged.pdbA_0001_creation_102_refined_0001_creation_34_refined_0001.pdb, 1.88345, 5.47818, 4.96267, 8710.23
UM_4_D335H524D496Y465Y384_output_3ANS_1.pdb.massaged.pdbA_0001_creation_11_refined_0001_creation_22_refined_0001.pdb, 1.95204, 4.636, 6.02629, 8240.07
UM_4_D335H524D496Y465Y384_output_3ANS_1.pdb.massaged.pdbA_0001_creation_102_refined_0001_creation_141_refined_0001.pdb, 1.9414, 5.47818, 5.33807, 8463.26
UM_4_D335H524D496Y465Y384_output_3ANS_1.pdb.massaged.pdbA_0001_creation_102_refined_0001_creation_176_refined_0001.pdb, 2.24464, 5.47818, 7.11609, 10896.1
UM_4_D335H524D496Y465Y384_output_3ANS_1.pdb.massaged.pdbA_0001_creation_131_refined_0001_creation_1_refined_0001.pdb, 2.57102, 5.17021, 8.98827, 8142.07
UM_4_D335H524D496Y465Y384_output_3ANS_1.pdb.massaged.pdbA_0001_creation_150_refined_0001_creation_1_refined_0001.pdb, 3.47738, 6.34835, 12.8496, 23688.6
UM_4_D335H524D496Y465Y384_output_3ANS_1.pdb.massaged.pdbA_0001_creation_124_refined_0001_creation_4_refined_0001.pdb, 3.1216, 12.8926, 4.38446, 22268.4
UM_4_D335H524D496Y465Y384_output_3ANS_1.pdb.massaged.pdbA_0001_creation_155_refined_0001_creation_1_refined_0001.pdb, 2.02723, 7.277, 3.91369, 6097.99
UM_4_D335H524D496Y465Y384_output_3ANS_1.pdb.massaged.pdbA_0001_creation_102_refined_0001_creation_32_refined_0001.pdb, 1.97532, 5.47818, 5.55089, 20776.3
UM_4_D335H524D496Y465Y384_output_3ANS_1.pdb.massaged.pdbA_0001_creation_143_refined_0001_creation_3_refined_0001.pdb, 2.66488, 10.81, 3.77612, 23743.8
UM_4_D335H524D496Y465Y384_output_3ANS_1.pdb.massaged.pdbA_0001_creation_102_refined_0001_creation_172_refined_0001.pdb, 2.84826, 5.47818, 10.211, 19291.6
UM_4_D335H524D496Y465Y384_output_3ANS_1.pdb.massaged.pdbA_0001_creation_119_refined_0001_creation_12_refined_0001.pdb, 2.26711, 6.53739, 6.4654, 3654.4
UM_4_D335H524D496Y465Y384_output_3ANS_1.pdb.massaged.pdbA_0001_creation_102_refined_0001_creation_57_refined_0001.pdb, 2.28241, 5.47818, 7.32264, 27124.5
UM_4_D335H524D496Y465Y384_output_3ANS_1.pdb.massaged.pdbA_0001_creation_11_refined_0001_creation_15_refined_0001.pdb, 1.73685, 4.636, 4.74007, 9544.58
UM_4_D335H524D496Y465Y384_output_3ANS_1.pdb.massaged.pdbA_0001_creation_102_refined_0001_creation_35_refined_0001.pdb, 1.79963, 5.47818, 4.3867, 8738.88
UM_4_D335H524D496Y465Y384_output_3ANS_1.pdb.massaged.pdbA_0001_creation_102_refined_0001_creation_165_refined_0001.pdb, 2.12101, 5.47818, 6.42052, 11494.1
UM_4_D335H524D496Y465Y384_output_3ANS_1.pdb.massaged.pdbA_0001_creation_102_refined_0001_creation_119_refined_0001.pdb, 2.29829, 5.47818, 7.40879, 11696.5
UM_4_D335H524D496Y465Y384_output_3ANS_1.pdb.massaged.pdbA_0001_creation_147_refined_0001_creation_1_refined_0001.pdb, 3.25519, 11.9153, 7.36802, 21093.7
UM_4_D335H524D496Y465Y384_output_3ANS_1.pdb.massaged.pdbA_0001_creation_144_refined_0001_creation_3_refined_0001.pdb, 1.95757, 6.46057, 4.45211, 10456.7
UM_4_D335H524D496Y465Y384_output_3ANS_1.pdb.massaged.pdbA_0001_creation_145_refined_0001_creation_1_refined_0001.pdb, 2.95796, 7.35616, 9.76175, 15182.4
UM_4_D335H524D496Y465Y384_output_3ANS_1.pdb.massaged.pdbA_0001_creation_102_refined_0001_creation_105_refined_0001.pdb, 2.10747, 5.47818, 6.3423, 8769.51
UM_4_D335H524D496Y465Y384_output_3ANS_1.pdb.massaged.pdbA_0001_creation_102_refined_0001_creation_79_refined_0001.pdb, 2.33158, 5.47818, 7.58807, 8733.15
UM_4_D335H524D496Y465Y384_output_3ANS_1.pdb.massaged.pdbA_0001_creation_141_refined_0001_creation_5_refined_0001.pdb, 1.47443, 3.32915, 4.0549, 4393.34
UM_4_D335H524D496Y465Y384_output_3ANS_1.pdb.massaged.pdbA_0001_creation_136_refined_0001_creation_4_refined_0001.pdb, 1.48089, 3.80174, 3.73723, 3872.95
UM_4_D335H524D496Y465Y384_output_3ANS_1.pdb.massaged.pdbA_0001_creation_120_refined_0001_creation_2_refined_0001.pdb, 2.33477, 8.84451, 4.20236, 7249.8
UM_4_D335H524D496Y465Y384_output_3ANS_1.pdb.massaged.pdbA_0001_creation_122_refined_0001_creation_4_refined_0001.pdb, 3.1183, 10.9149, 7.62241, 8678.33
UM_4_D335H524D496Y465Y384_output_3ANS_1.pdb.massaged.pdbA_0001_creation_148_refined_0001_creation_9_refined_0001.pdb, 2.65556, 6.33553, 8.7934, 3366.18
UM_4_D335H524D496Y465Y384_output_3ANS_1.pdb.massaged.pdbA_0001_creation_102_refined_0001_creation_123_refined_0001.pdb, 1.83192, 5.47818, 4.61395, 8680.46
UM_4_D335H524D496Y465Y384_output_3ANS_1.pdb.massaged.pdbA_0001_creation_151_refined_0001_creation_2_refined_0001.pdb, 2.77701, 10.3121, 5.80232, 16851.6
UM_4_D335H524D496Y465Y384_output_3ANS_1.pdb.massaged.pdbA_0001_creation_102_refined_0001_creation_85_refined_0001.pdb, 1.89272, 5.47818, 5.02385, 18052.8
UM_4_D335H524D496Y465Y384_output_3ANS_1.pdb.massaged.pdbA_0001_creation_119_refined_0001_creation_35_refined_0001.pdb, 1.89464, 6.53739, 3.84184, 4567.46
UM_4_D335H524D496Y465Y384_output_3ANS_1.pdb.massaged.pdbA_0001_creation_120_refined_0001_creation_6_refined_0001.pdb, 2.31697, 8.84451, 4.0268, 7317.78
UM_4_D335H524D496Y465Y384_output_3ANS_1.pdb.massaged.pdbA_0001_creation_102_refined_0001_creation_125_refined_0001.pdb, 1.78834, 5.47818, 4.30536, 10212
UM_4_D335H524D496Y465Y384_output_3ANS_1.pdb.massaged.pdbA_0001_creation_108_refined_0001_creation_3_refined_0001.pdb, 2.3123, 4.56036, 7.9809, 3767.09
UM_4_D335H524D496Y465Y384_output_3ANS_1.pdb.massaged.pdbA_0001_creation_155_refined_0001_creation_6_refined_0001.pdb, 2.22787, 7.277, 5.49637, 6057.94
UM_4_D335H524D496Y465Y384_output_3ANS_1.pdb.massaged.pdbA_0001_creation_113_refined_0001_creation_14_refined_0001.pdb, 3.3991, 14.1505, 4.73721, 15078.3
UM_4_D335H524D496Y465Y384_output_3ANS_1.pdb.massaged.pdbA_0001_creation_11_refined_0001_creation_26_refined_0001.pdb, 1.655, 4.636, 4.19825, 8341.38
UM_4_D335H524D496Y465Y384_output_3ANS_1.pdb.massaged.pdbA_0001_creation_148_refined_0001_creation_6_refined_0001.pdb, 3.07389, 6.33553, 10.9149, 27421.1
UM_4_D335H524D496Y465Y384_output_3ANS_1.pdb.massaged.pdbA_0001_creation_153_refined_0001_creation_1_refined_0001.pdb, 2.2355, 8.38114, 4.04932, 14010.7
UM_4_D335H524D496Y465Y384_output_3ANS_1.pdb.massaged.pdbA_0001_creation_11_refined_0001_creation_24_refined_0001.pdb, 1.57571, 4.636, 3.62719, 8824.65
UM_4_D335H524D496Y465Y384_output_3ANS_1.pdb.massaged.pdbA_0001_creation_102_refined_0001_creation_122_refined_0001.pdb, 3.23939, 5.47818, 12.0749, 22308.8
UM_4_D335H524D496Y465Y384_output_3ANS_1.pdb.massaged.pdbA_0001_creation_102_refined_0001_creation_90_refined_0001.pdb, 2.20737, 5.47818, 6.90969, 8429.35
UM_4_D335H524D496Y465Y384_output_3ANS_1.pdb.massaged.pdbA_0001_creation_102_refined_0001_creation_168_refined_0001.pdb, 2.70356, 5.47818, 9.50007, 17425.4
UM_4_D335H524D496Y465Y384_output_3ANS_1.pdb.massaged.pdbA_0001_creation_141_refined_0001_creation_4_refined_0001.pdb, 1.55578, 3.32915, 4.55437, 4389.39
UM_4_D335H524D496Y465Y384_output_3ANS_1.pdb.massaged.pdbA_0001_creation_145_refined_0001_creation_5_refined_0001.pdb, 2.55299, 7.35616, 7.50729, 15030.6
UM_4_D335H524D496Y465Y384_output_3ANS_1.pdb.massaged.pdbA_0001_creation_119_refined_0001_creation_32_refined_0001.pdb, 2.40955, 6.53739, 7.30901, 16088.1
UM_4_D335H524D496Y465Y384_output_3ANS_1.pdb.massaged.pdbA_0001_creation_102_refined_0001_creation_191_refined_0001.pdb, 2.51523, 5.47818, 8.55024, 17207.2
UM_4_D335H524D496Y465Y384_output_3ANS_1.pdb.massaged.pdbA_0001_creation_119_refined_0001_creation_9_refined_0001.pdb, 2.02876, 6.53739, 4.89278, 4715.44
UM_4_D335H524D496Y465Y384_output_3ANS_1.pdb.massaged.pdbA_0001_creation_124_refined_0001_creation_3_refined_0001.pdb, 3.62165, 12.8926, 8.83437, 35463.4
UM_4_D335H524D496Y465Y384_output_3ANS_1.pdb.massaged.pdbA_0001_creation_102_refined_0001_creation_22_refined_0001.pdb, 1.93308, 5.47818, 5.28516, 13388.1
UM_4_D335H524D496Y465Y384_output_3ANS_1.pdb.massaged.pdbA_0001_creation_102_refined_0001_creation_20_refined_0001.pdb, 2.32789, 5.47818, 7.56829, 14890.4
UM_4_D335H524D496Y465Y384_output_3ANS_1.pdb.massaged.pdbA_0001_creation_102_refined_0001_creation_86_refined_0001.pdb, 2.68786, 5.47818, 9.42206, 14406.2
UM_4_D335H524D496Y465Y384_output_3ANS_1.pdb.massaged.pdbA_0001_creation_143_refined_0001_creation_2_refined_0001.pdb, 3.23862, 10.81, 8.56416, 24195.7
UM_4_D335H524D496Y465Y384_output_3ANS_1.pdb.massaged.pdbA_0001_creation_102_refined_0001_creation_61_refined_0001.pdb, 1.80361, 5.47818, 4.41513, 13398.8
UM_4_D335H524D496Y465Y384_output_3ANS_1.pdb.massaged.pdbA_0001_creation_102_refined_0001_creation_4_refined_0001.pdb, 1.94268, 5.47818, 5.34619, 10729.5
UM_4_D335H524D496Y465Y384_output_3ANS_1.pdb.massaged.pdbA_0001_creation_11_refined_0001_creation_13_refined_0001.pdb, 1.73634, 4.636, 4.73679, 10070.3
UM_4_D335H524D496Y465Y384_output_3ANS_1.pdb.massaged.pdbA_0001_creation_102_refined_0001_creation_173_refined_0001.pdb, 1.93482, 5.47818, 5.29622, 8568.62
UM_4_D335H524D496Y465Y384_output_3ANS_1.pdb.massaged.pdbA_0001_creation_102_refined_0001_creation_169_refined_0001.pdb, 1.84126, 5.47818, 4.67838, 8615.83
UM_4_D335H524D496Y465Y384_output_3ANS_1.pdb.massaged.pdbA_0001_creation_100_refined_0001_creation_2_refined_0001.pdb, 1.58328, 3.79808, 4.41172, 2745.32
UM_4_D335H524D496Y465Y384_output_3ANS_1.pdb.massaged.pdbA_0001_creation_134_refined_0001_creation_7_refined_0001.pdb, 2.35974, 9.04879, 4.08149, 18973.4
UM_4_D335H524D496Y465Y384_output_3ANS_1.pdb.massaged.pdbA_0001_creation_119_refined_0001_creation_11_refined_0001.pdb, 2.63491, 6.53739, 8.55877, 22567
UM_4_D335H524D496Y465Y384_output_3ANS_1.pdb.massaged.pdbA_0001_creation_120_refined_0001_creation_4_refined_0001.pdb, 2.74882, 8.84451, 7.37411, 8686.7
UM_4_D335H524D496Y465Y384_output_3ANS_1.pdb.massaged.pdbA_0001_creation_154_refined_0001_creation_2_refined_0001.pdb, 3.76201, 13.2465, 9.40296, 25961
UM_4_D335H524D496Y465Y384_output_3ANS_1.pdb.massaged.pdbA_0001_creation_11_refined_0001_creation_8_refined_0001.pdb, 2.53659, 4.636, 9.06018, 23414.1
UM_4_D335H524D496Y465Y384_output_3ANS_1.pdb.massaged.pdbA_0001_creation_102_refined_0001_creation_140_refined_0001.pdb, 2.66402, 5.47818, 9.30322, 19193.8
UM_4_D335H524D496Y465Y384_output_3ANS_1.pdb.massaged.pdbA_0001_creation_148_refined_0001_creation_8_refined_0001.pdb, 2.58713, 6.33553, 8.43006, 13056.9
UM_4_D335H524D496Y465Y384_output_3ANS_1.pdb.massaged.pdbA_0001_creation_119_refined_0001_creation_40_refined_0001.pdb, 1.88958, 6.53739, 3.79815, 3629.51
UM_4_D335H524D496Y465Y384_output_3ANS_1.pdb.massaged.pdbA_0001_creation_102_refined_0001_creation_65_refined_0001.pdb, 3.50699, 5.47818, 13.3152, 42350.3
UM_4_D335H524D496Y465Y384_output_3ANS_1.pdb.massaged.pdbA_0001_creation_127_refined_0001_creation_6_refined_0001.pdb, 1.83982, 5.06403, 5.04308, 10243.1
UM_4_D335H524D496Y465Y384_output_3ANS_1.pdb.massaged.pdbA_0001_creation_103_refined_0001_creation_2_refined_0001.pdb, 3.1376, 12.6831, 5.0434, 14879.6
UM_4_D335H524D496Y465Y384_output_3ANS_1.pdb.massaged.pdbA_0001_creation_102_refined_0001_creation_200_refined_0001.pdb, 2.01855, 5.47818, 5.81586, 8609.17
UM_4_D335H524D496Y465Y384_output_3ANS_1.pdb.massaged.pdbA_0001_creation_102_refined_0001_creation_60_refined_0001.pdb, 2.06462, 5.47818, 6.09146, 8412.51
UM_4_D335H524D496Y465Y384_output_3ANS_1.pdb.massaged.pdbA_0001_creation_102_refined_0001_creation_183_refined_0001.pdb, 1.84031, 5.47818, 4.67185, 9635.41
UM_4_D335H524D496Y465Y384_output_3ANS_1.pdb.massaged.pdbA_0001_creation_11_refined_0001_creation_9_refined_0001.pdb, 2.15832, 4.636, 7.14889, 35351.5
UM_4_D335H524D496Y465Y384_output_3ANS_1.pdb.massaged.pdbA_0001_creation_141_refined_0001_creation_2_refined_0001.pdb, 1.34687, 3.32915, 3.1881, 4396.93
UM_4_D335H524D496Y465Y384_output_3ANS_1.pdb.massaged.pdbA_0001_creation_102_refined_0001_creation_156_refined_0001.pdb, 2.11484, 5.47818, 6.38494, 10691
UM_4_D335H524D496Y465Y384_output_3ANS_1.pdb.massaged.pdbA_0001_creation_102_refined_0001_creation_187_refined_0001.pdb, 2.68676, 5.47818, 9.41657, 16539.6
UM_4_D335H524D496Y465Y384_output_3ANS_1.pdb.massaged.pdbA_0001_creation_129_refined_0001_creation_1_refined_0001.pdb, 2.82541, 4.48405, 10.5003, 14070.1
UM_4_D335H524D496Y465Y384_output_3ANS_1.pdb.massaged.pdbA_0001_creation_102_refined_0001_creation_10_refined_0001.pdb, 1.8473, 5.47818, 4.71974, 9760.02
UM_4_D335H524D496Y465Y384_output_3ANS_1.pdb.massaged.pdbA_0001_creation_119_refined_0001_creation_7_refined_0001.pdb, 1.88597, 6.53739, 3.76669, 3616.86
UM_4_D335H524D496Y465Y384_output_3ANS_1.pdb.massaged.pdbA_0001_creation_102_refined_0001_creation_37_refined_0001.pdb, 2.1428, 5.47818, 6.54554, 8875.07
UM_4_D335H524D496Y465Y384_output_3ANS_1.pdb.massaged.pdbA_0001_creation_131_refined_0001_creation_4_refined_0001.pdb, 1.94138, 5.17021, 5.58809, 14916.2
UM_4_D335H524D496Y465Y384_output_3ANS_1.pdb.massaged.pdbA_0001_creation_102_refined_0001_creation_17_refined_0001.pdb, 2.61841, 5.47818, 9.07452, 27963.2
UM_4_D335H524D496Y465Y384_output_3ANS_1.pdb.massaged.pdbA_0001_creation_102_refined_0001_creation_38_refined_0001.pdb, 2.46151, 5.47818, 8.273, 16507.5
UM_4_D335H524D496Y465Y384_output_3ANS_1.pdb.massaged.pdbA_0001_creation_12_refined_0001_creation_10_refined_0001.pdb, 3.53882, 2.70021, 14.1471, 9968.27
UM_4_D335H524D496Y465Y384_output_3ANS_1.pdb.massaged.pdbA_0001_creation_102_refined_0001_creation_98_refined_0001.pdb, 1.74682, 5.47818, 3.99695, 11876.1
UM_4_D335H524D496Y465Y384_output_3ANS_1.pdb.massaged.pdbA_0001_creation_102_refined_0001_creation_158_refined_0001.pdb, 2.76886, 5.47818, 9.82271, 9103.07
UM_4_D335H524D496Y465Y384_output_3ANS_1.pdb.massaged.pdbA_0001_creation_142_refined_0001_creation_1_refined_0001.pdb, 1.7851, 5.73343, 3.99368, 5544.54
UM_4_D335H524D496Y465Y384_output_3ANS_1.pdb.massaged.pdbA_0001_creation_102_refined_0001_creation_184_refined_0001.pdb, 1.9293, 5.47818, 5.26096, 8435.05
UM_4_D335H524D496Y465Y384_output_3ANS_1.pdb.massaged.pdbA_0001_creation_147_refined_0001_creation_9_refined_0001.pdb, 2.82121, 11.9153, 2.87861, 18295.7
UM_4_D335H524D496Y465Y384_output_3ANS_1.pdb.massaged.pdbA_0001_creation_119_refined_0001_creation_36_refined_0001.pdb, 2.03187, 6.53739, 4.91524, 3902.26
UM_4_D335H524D496Y465Y384_output_3ANS_1.pdb.massaged.pdbA_0001_creation_113_refined_0001_creation_15_refined_0001.pdb, 3.41067, 14.1505, 4.88019, 15011.9
UM_4_D335H524D496Y465Y384_output_3ANS_1.pdb.massaged.pdbA_0001_creation_102_refined_0001_creation_74_refined_0001.pdb, 1.97592, 5.47818, 5.55463, 8521.77
UM_4_D335H524D496Y465Y384_output_3ANS_1.pdb.massaged.pdbA_0001_creation_102_refined_0001_creation_130_refined_0001.pdb, 1.91478, 5.47818, 5.16759, 8589.68
UM_4_D335H524D496Y465Y384_output_3ANS_1.pdb.massaged.pdbA_0001_creation_102_refined_0001_creation_170_refined_0001.pdb, 2.71295, 5.47818, 9.54669, 31999.5
UM_4_D335H524D496Y465Y384_output_3ANS_1.pdb.massaged.pdbA_0001_creation_102_refined_0001_creation_198_refined_0001.pdb, 2.07681, 5.47818, 6.16333, 8455.81
UM_4_D335H524D496Y465Y384_output_3ANS_1.pdb.massaged.pdbA_0001_creation_155_refined_0001_creation_4_refined_0001.pdb, 2.26655, 7.277, 5.76566, 6793.68
UM_4_D335H524D496Y465Y384_output_3ANS_1.pdb.massaged.pdbA_0001_creation_119_refined_0001_creation_37_refined_0001.pdb, 1.97142, 6.53739, 4.4652, 3745.04
UM_4_D335H524D496Y465Y384_output_3ANS_1.pdb.massaged.pdbA_0001_creation_11_refined_0001_creation_4_refined_0001.pdb, 1.60479, 4.636, 3.84317, 8266.35
UM_4_D335H524D496Y465Y384_output_3ANS_1.pdb.massaged.pdbA_0001_creation_102_refined_0001_creation_69_refined_0001.pdb, 1.92994, 5.47818, 5.26508, 8550.17
UM_4_D335H524D496Y465Y384_output_3ANS_1.pdb.massaged.pdbA_0001_creation_148_refined_0001_creation_3_refined_0001.pdb, 2.67422, 6.33553, 8.89154, 3274.26
UM_4_D335H524D496Y465Y384_output_3ANS_1.pdb.massaged.pdbA_0001_creation_148_refined_0001_creation_5_refined_0001.pdb, 2.45633, 6.33553, 7.71737, 5738.93
UM_4_D335H524D496Y465Y384_output_3ANS_1.pdb.massaged.pdbA_0001_creation_120_refined_0001_creation_1_refined_0001.pdb, 2.76658, 8.84451, 7.48905, 17003.4
UM_4_D335H524D496Y465Y384_output_3ANS_1.pdb.massaged.pdbA_0001_creation_102_refined_0001_creation_89_refined_0001.pdb, 2.26715, 5.47818, 7.23948, 26328.5
UM_4_D335H524D496Y465Y384_output_3ANS_1.pdb.massaged.pdbA_0001_creation_108_refined_0001_creation_1_refined_0001.pdb, 2.10642, 4.56036, 6.91557, 4818.18
UM_4_D335H524D496Y465Y384_output_3ANS_1.pdb.massaged.pdbA_0001_creation_12_refined_0001_creation_3_refined_0001.pdb, 1.79761, 2.70021, 6.1684, 5160.93
UM_4_D335H524D496Y465Y384_output_3ANS_1.pdb.massaged.pdbA_0001_creation_102_refined_0001_creation_1_refined_0001.pdb, 1.99891, 5.47818, 5.6963, 8769
UM_4_D335H524D496Y465Y384_output_3ANS_1.pdb.massaged.pdbA_0001_creation_102_refined_0001_creation_13_refined_0001.pdb, 1.93458, 5.47818, 5.29467, 8783.68
UM_4_D335H524D496Y465Y384_output_3ANS_1.pdb.massaged.pdbA_0001_creation_102_refined_0001_creation_68_refined_0001.pdb, 2.03503, 5.47818, 5.91523, 14414.5
UM_4_D335H524D496Y465Y384_output_3ANS_1.pdb.massaged.pdbA_0001_creation_148_refined_0001_creation_4_refined_0001.pdb, 1.78024, 6.33553, 3.09703, 3422.62
UM_4_D335H524D496Y465Y384_output_3ANS_1.pdb.massaged.pdbA_0001_creation_13_refined_0001_creation_4_refined_0001.pdb, 2.48417, 9.61068, 4.29368, 9508.07
UM_4_D335H524D496Y465Y384_output_3ANS_1.pdb.massaged.pdbA_0001_creation_102_refined_0001_creation_179_refined_0001.pdb, 2.17456, 5.47818, 6.72578, 20738.6
UM_4_D335H524D496Y465Y384_output_3ANS_1.pdb.massaged.pdbA_0001_creation_13_refined_0001_creation_2_refined_0001.pdb, 2.64868, 9.61068, 5.75894, 10276.7
UM_4_D335H524D496Y465Y384_output_3ANS_1.pdb.massaged.pdbA_0001_creation_102_refined_0001_creation_53_refined_0001.pdb, 3.18285, 5.47818, 11.8096, 24304
UM_4_D335H524D496Y465Y384_output_3ANS_1.pdb.massaged.pdbA_0001_creation_126_refined_0001_creation_2_refined_0001.pdb, 2.60602, 3.17895, 9.88963, 5037.13
UM_4_D335H524D496Y465Y384_output_3ANS_1.pdb.massaged.pdbA_0001_creation_102_refined_0001_creation_102_refined_0001.pdb, 2.03378, 5.47818, 5.90772, 10200
UM_4_D335H524D496Y465Y384_output_3ANS_1.pdb.massaged.pdbA_0001_creation_12_refined_0001_creation_11_refined_0001.pdb, 1.39089, 2.70021, 3.92767, 2649.12
UM_4_D335H524D496Y465Y384_output_3ANS_1.pdb.massaged.pdbA_0001_creation_102_refined_0001_creation_142_refined_0001.pdb, 2.22521, 5.47818, 7.00884, 8434.57
UM_4_D335H524D496Y465Y384_output_3ANS_1.pdb.massaged.pdbA_0001_creation_136_refined_0001_creation_1_refined_0001.pdb, 3.65933, 3.80174, 14.4673, 21984.9
UM_4_D335H524D496Y465Y384_output_3ANS_1.pdb.massaged.pdbA_0001_creation_12_refined_0001_creation_5_refined_0001.pdb, 1.35321, 2.70021, 3.69095, 2650.11
UM_4_D335H524D496Y465Y384_output_3ANS_1.pdb.massaged.pdbA_0001_creation_145_refined_0001_creation_4_refined_0001.pdb, 2.15251, 7.35616, 4.84624, 15063
UM_4_D335H524D496Y465Y384_output_3ANS_1.pdb.massaged.pdbA_0001_creation_102_refined_0001_creation_134_refined_0001.pdb, 2.99362, 5.47818, 10.9124, 24076.3
UM_4_D335H524D496Y465Y384_output_3ANS_1.pdb.massaged.pdbA_0001_creation_116_refined_0001_creation_1_refined_0001.pdb, 1.69887, 4.7618, 4.38257, 4058.75
UM_4_D335H524D496Y465Y384_output_3ANS_1.pdb.massaged.pdbA_0001_creation_102_refined_0001_creation_103_refined_0001.pdb, 1.80835, 5.47818, 4.44881, 9410.66
UM_4_D335H524D496Y465Y384_output_3ANS_1.pdb.massaged.pdbA_0001_creation_136_refined_0001_creation_8_refined_0001.pdb, 1.6267, 3.80174, 4.67668, 3819.3
UM_4_D335H524D496Y465Y384_output_3ANS_1.pdb.massaged.pdbA_0001_creation_102_refined_0001_creation_195_refined_0001.pdb, 2.22611, 5.47818, 7.01378, 20912.1
UM_4_D335H524D496Y465Y384_output_3ANS_1.pdb.massaged.pdbA_0001_creation_140_refined_0001_creation_5_refined_0001.pdb, 1.71184, 2.50727, 5.79958, 3509.07
UM_4_D335H524D496Y465Y384_output_3ANS_1.pdb.massaged.pdbA_0001_creation_127_refined_0001_creation_8_refined_0001.pdb, 3.11471, 5.06403, 11.6456, 18917.7
UM_4_D335H524D496Y465Y384_output_3ANS_1.pdb.massaged.pdbA_0001_creation_119_refined_0001_creation_15_refined_0001.pdb, 2.20873, 6.53739, 6.10272, 5988.49
UM_4_D335H524D496Y465Y384_output_3ANS_1.pdb.massaged.pdbA_0001_creation_102_refined_0001_creation_95_refined_0001.pdb, 4.35949, 5.47818, 17.1546, 52267
UM_4_D335H524D496Y465Y384_output_3ANS_1.pdb.massaged.pdbA_0001_creation_11_refined_0001_creation_17_refined_0001.pdb, 1.95715, 4.636, 6.0551, 9347.79
UM_4_D335H524D496Y465Y384_output_3ANS_1.pdb.massaged.pdbA_0001_creation_102_refined_0001_creation_47_refined_0001.pdb, 2.1959, 5.47818, 6.84568, 8875.38
UM_4_D335H524D496Y465Y384_output_3ANS_1.pdb.massaged.pdbA_0001_creation_129_refined_0001_creation_4_refined_0001.pdb, 1.5942, 4.48405, 3.91586, 3779.29
UM_4_D335H524D496Y465Y384_output_3ANS_1.pdb.massaged.pdbA_0001_creation_102_refined_0001_creation_194_refined_0001.pdb, 2.68853, 5.47818, 9.4254, 16301.9
UM_4_D335H524D496Y465Y384_output_3ANS_1.pdb.massaged.pdbA_0001_creation_127_refined_0001_creation_5_refined_0001.pdb, 1.72743, 5.06403, 4.29408, 13690.8
UM_4_D335H524D496Y465Y384_output_3ANS_1.pdb.massaged.pdbA_0001_creation_126_refined_0001_creation_3_refined_0001.pdb, 1.45964, 3.17895, 4.06198, 2926.97
UM_4_D335H524D496Y465Y384_output_3ANS_1.pdb.massaged.pdbA_0001_creation_102_refined_0001_creation_63_refined_0001.pdb, 2.2513, 5.47818, 7.15265, 8462.43
UM_4_D335H524D496Y465Y384_output_3ANS_1.pdb.massaged.pdbA_0001_creation_102_refined_0001_creation_99_refined_0001.pdb, 1.83605, 5.47818, 4.64252, 16695
UM_4_D335H524D496Y465Y384_output_3ANS_1.pdb.massaged.pdbA_0001_creation_102_refined_0001_creation_55_refined_0001.pdb, 3.39602, 5.47818, 12.8036, 38154.4
UM_4_D335H524D496Y465Y384_output_3ANS_1.pdb.massaged.pdbA_0001_creation_102_refined_0001_creation_39_refined_0001.pdb, 2.82492, 5.47818, 10.0973, 15641.9
UM_4_D335H524D496Y465Y384_output_3ANS_1.pdb.massaged.pdbA_0001_creation_102_refined_0001_creation_3_refined_0001.pdb, 2.11216, 5.47818, 6.36944, 8571.62
UM_4_D335H524D496Y465Y384_output_3ANS_1.pdb.massaged.pdbA_0001_creation_102_refined_0001_creation_15_refined_0001.pdb, 1.81571, 5.47818, 4.50077, 12384.9
UM_4_D335H524D496Y465Y384_output_3ANS_1.pdb.massaged.pdbA_0001_creation_102_refined_0001_creation_131_refined_0001.pdb, 2.10638, 5.47818, 6.33594, 9578.17
UM_4_D335H524D496Y465Y384_output_3ANS_1.pdb.massaged.pdbA_0001_creation_147_refined_0001_creation_5_refined_0001.pdb, 4.12167, 11.9153, 12.876, 23434.4
UM_4_D335H524D496Y465Y384_output_3ANS_1.pdb.massaged.pdbA_0001_creation_113_refined_0001_creation_2_refined_0001.pdb, 3.65457, 14.1505, 7.34003, 15355.9
UM_4_D335H524D496Y465Y384_output_3ANS_1.pdb.massaged.pdbA_0001_creation_102_refined_0001_creation_199_refined_0001.pdb, 1.78956, 5.47818, 4.3142, 13267.5